Bioeconomy Research and Development Act,-1,-0.04106989225680738
Promoting Physical Activity for Americans Act,-1,-0.040936539321980395
Women’s Health Protection Act,-1,-0.04089577195040467
FAIR Act,-1,-0.04089056622901634
John R. Lewis Voting Rights Advancement Act,-1,-0.04088759850726918
Further Extending Government Funding Act,-1,-0.040869602729428495
Ensuring Access to Abortion Act,-1,-0.040857173164472675
Protecting Our Democracy Act,-1,-0.04073268710289798
Women’s Health Protection Act,-1,-0.040728774996688685
Assault Weapons Ban,-1,-0.04072395513332781
EVEST Act,-1,-0.0406750417921785
,-1,-0.040658007257249634
Build Back Better Act,-1,-0.040657076197042424
Mental Health Matters Act,-1,-0.04063616359055896
,-1,-0.040606707051409806
Restaurant Revitalization Fund Replenishment Act,-1,-0.04059594446944391
For the People Act,-1,-0.040577515308746225
,-1,-0.04057424041914387
,-1,-0.040553652474899476
Meat and Poultry Special Investigator Act,-1,-0.04050847415002989
"Making emergency supplemental appropriations for the fiscal year ending September 30, 2021, and for other purposes",-1,-0.04050385581448371
Consumer Protection and Recovery Act,-1,-0.04047119172502001
Advancing Telehealth Beyond COVID-19 Act,-1,-0.04045474941546687
Suspending Energy Imports from Russia Act,-1,-0.040446341887364144
Farm Workforce Modernization Act,-1,-0.04044291966010949
"Making appropriations for the Departments of Labor, Health and Human Services, and Eduction, and related agencies for the fiscal year ending September 30, 2022, and for other purposes",-1,-0.040438628746509275
George Floyd Justice in Policing Act of 2021,-1,-0.04043411064479956
Consumer Fuel Price Gouging Prevention Act,-1,-0.04042852169190215
MORE Act,-1,-0.040413198570654035
LGBTQI+ Data Inclusion Act,-1,-0.04040556895559882
Guard and Reserve GI Bill Parity Act,-1,-0.04040419507773902
,-1,-0.040384379444095723
PFAS Action Act,-1,-0.04037969684904182
"Infant Formula Supplemental Appropriations Act, 2022",-1,-0.0403756596136268
NO BAN Act,-1,-0.04035491879903453
,-1,-0.040344136244969485
ESG Disclosure Simplification Act,-1,-0.04033399286062565
"Making appropriations for Legislative Branch for the fiscal year ending September 30, 2022, and for other purposes",-1,-0.04032141397576736
,-1,-0.040312102088170834
Access to Counsel Act,-1,-0.04029195345614099
Rights for the Transportation Security Administration Workforce Act,-1,-0.04029013427302691
Bipartisan Background Checks Act,-1,-0.040280435469388705
Colorado Wilderness Act,-1,-0.0402671529611764
"Making appropriations for the Department of State, foreign operations, and related programs for the fiscal year ending September 30, 2022, and for other programs",-1,-0.04022904603758707
American Rescue Plan Act,-1,-0.040222148946998965
Targeting Resources to Communities in Need Act,-1,-0.04018191984984351
Protecting the Right to Organize Act,-1,-0.04017437328761011
Federal Reserve Racial and Economic Equity Act,-1,-0.04016843102160321
,-1,-0.04016649776636967
,-1,-0.04015218273231907
,-1,-0.04012184822573807
INVEST in America Act,-1,-0.040108632164858674
,-1,-0.040099401354616704
,-1,-0.04009318658808473
To repeal the Authorization for Use of Military Force Against Iraq Resolution of 2002,-1,-0.0400847790303267
Community Services Block Grant Modernization Act of 2022,-1,-0.040084664931723746
Puerto Rico Status Act,-1,-0.0400689527159295
Extending Government Funding and Delivering Emergency Assistance Act,-1,-0.04006521961994748
Continental Divide Trail Completion Act,-1,-0.040058825490557504
Protecting Our Gold Star Families Education Act,-1,-0.0400532025557547
Dream Act,-1,-0.040031372877998926
,-1,-0.0400300515920675
"To prevent across-the-board direct spending cuts, and for other purposes",-1,-0.04000676326801282
,-1,-0.039989106324604666
,-1,-0.039984932072143306
,-1,-0.039949653110106384
,-1,-0.03994263257697013
Recovering America’s Wildlife Act,-1,-0.039887991254607374
,-1,-0.03988522345902655
"Washington, D.C. Admission Act",-1,-0.03983950142236785
,-1,-0.03981694306885318
"Adopting the Rules of the House of Representatives for the One Hundred Seventeenth Congress, and for other purposes",-1,-0.03975868164704341
,-1,-0.03974729665184004
,-1,-0.039732047135190976
Enhanced Background Checks Act of 2021,-1,-0.039633394683004176
,-1,-0.039541821018445986
,-1,-0.039435299137521786
,-1,-0.03937793820928439
Affordable Insulin Now Act,-1,-0.03934159492443248
,-1,-0.0393380057528439
,-1,-0.03924659779201201
Protecting Our Kids Act,-1,-0.039206202990941526
,-1,-0.03919839762729155
,-1,-0.03918725737090997
,-1,-0.03912366187345272
PUMP for Nursing Mothers Act,-1,-0.03910789470980164
,-1,-0.03907453447712673
Workforce Innovation and Opportunity Act of 2022,-1,-0.03906529257547406
,-1,-0.03899290734737618
Joint Consolidation Loan Separation Act,-1,-0.038951370074765415
,-1,-0.038883984865497906
,-1,-0.038847004784416286
South Asian Heart Health Awareness and Research Act,-1,-0.038727680947615174
,-1,-0.038640319913095626
,-1,-0.03855785946925919
,-1,-0.03851309116365372
,-1,-0.03836560356280391
Right to Contraception Act,-1,-0.03825814742356837
,-1,-0.03823177146414214
,-1,-0.03809131069630018
,-1,-0.03802638667095746
,-1,-0.037746335200878806
,-1,-0.03774195325219807
,-1,-0.037669032601488794
,-1,-0.03741827233516658
,-1,-0.03740504679962237
,-1,-0.0367753153665507
,-1,-0.03657821332071197
,-1,-0.03637587105431163
,-1,-0.03634042911229374
,0,-0.036226713109804784
,-1,-0.035856329431377156
,-1,-0.035851875814697565
,-1,-0.03527420858494308
,-1,-0.03512120736276657
,-1,-0.0351066614339563
,-1,-0.03476187687852617
,-1,-0.034509897237016786
,-1,-0.03380872440905056
,-1,-0.03331440816057393
,-1,-0.032001249839039445
,-1,-0.031262085405198814
,0,-0.02953056419555183
,0,-0.029354797807634645
,-1,-0.028946754164744536
,0,-0.02324880545859549
,0,-0.02265205809068841
,0,-0.021100729423063097
"To include certain computer-related projects in the Federal permitting program under title XLI of the FAST Act, and for other purposes",1,-0.0073954040843692975
Bioeconomy Research and Development Act,1,-0.0045292054668438185
,0,0.00035245806425191276
Behavioral Intervention Guidelines Act of 2021,1,0.0017995496590398651
"Expressing solidarity with Cuban citizens demonstrating peacefully for fundamental freedoms, condemning the Cuban regime’s acts of repression, and calling for the immediate release of arbitrarily detained Cuban citizens",1,0.0037124832615240116
"To designate the National Pulse Memorial located at 1912 South Orange Avenue in Orlando, Florida, and for other purposes",1,0.004354433617539429
,-1,0.005393426549674087
,-1,0.005437130803313411
Supreme Court Police Parity Act,1,0.007339335955820883
RENACER Act,1,0.007391171891062394
"Providing for the concurrence by the House in the Senate amendment to H.R. 7776, with an amendment",1,0.008482942278476053
,-1,0.008555016214568598
"To designate the facility of the United States Postal Service located at 500 West Main Street, Suite 102 in Tupelo, Mississippi, as the “Colonel Carlyle ’Smitty’ Harris Post Office”",1,0.01040926138385101
,-1,0.010654018674148384
Authorizing and directing the Speaker to administer the oath of office,1,0.010797049059882819
"Making supplemental appropriations for the fiscal year ending September 30, 2022, and for other purposes",1,0.011925094985596298
,0,0.011931095043445757
VA Transparency & Trust Act,1,0.011996228930683833
"To amend title 40, United States Code, to modify the treatment of certain bargain-price options to purchase at less than fair market value, and for other purposes",1,0.012218061666397741
Ensuring Compliance Against Drug Diversion Act,1,0.012352123306398646
Microloan Transparency and Accountability Act,1,0.012464809245681458
"To make technical amendments to update statutory references to certain provisions which were formerly classified to chapters 14 and 19 of title 25, United States Code",1,0.012546405183668265
"To make technical amendments to update statutory references to provisions reclassified to title 34, United States Code",1,0.01257443740773058
Preventing Crimes Against Veterans Act,1,0.01268958600864626
Specialist Four Charles Johnson Post Office,1,0.012771820425846278
SBA Cyber Awareness Act,1,0.012773292255830373
Enhancing State Energy Security Planning and Emergency Preparedness Act,1,0.012783060504185224
Marine Corps Reserve PVT Jacob Cruz Post Office,1,0.012874071493032099
,-1,0.012913781446417276
Student Veterans Counseling Centers Eligibility Act,1,0.012923808070885525
Department of Veterans Affairs Information Technology Reform Act,1,0.012967376637578243
Congressional Budget Justification Transparency Act of 2021,1,0.01299123938816657
Secure Equipment Act,1,0.013030222967341954
COVID-19 EIDL Fraud Statute of Limitations Act,1,0.013106256678431925
"To make revisions in title 51, United States Code, as necessary to keep the title current, and to make technical amendments to improve the United States Code",1,0.013110677071932158
Command Sergeant Major Lawrence E. ’Rabbit’ Kennedy Post Office Building,1,0.013121102050012674
Lance Corporal Marc Lucas Tucker Post Office Building,1,0.013132804079034137
Confidentiality Opportunities for Peer Support Counseling Act,1,0.013185731292284578
Assessing Xi’s Interference and Subversion Act,1,0.013214518319190731
Free Veterans from Fees Act,1,0.013227359754967312
Save the Liberty Theatre Act,1,0.0132476220465415
DHS Software Supply Chain Risk Management Act,1,0.013257789490884454
Private First Class Barrett Lyle Austin Post Office Building,1,0.01326781211086202
To extend by 19 days the authorization for the special assessment for the Domestic Trafficking Victims’ Fund,1,0.013268188505526128
PROTECT Our Children Act,1,0.013412189933547824
Alexander Lofgren Veterans in Parks (VIP) Act,1,0.013438409459652943
"To establish occupational series for Federal positions in software development, software engineering, data science, and data management, and for other purposes",1,0.013474604755195154
,0,0.013489139939102286
Vanessa Guillen Post Office Building,1,0.013523823274902903
Veterans of Iraq and Afghanistan Memorial Post Office Building,1,0.013528322030124098
"Making emergency supplemental appropriations for the fiscal year ending September 30, 2021, and for other purposes",1,0.013566187547271204
7(a) Loan Agent Oversight Act,1,0.013567303585821418
"Expressing the sense of Congress regarding the execution-style murders of United States citizens Yilli, Agron, and Mehmet Bytyqui in the Republic of Serbia in July 1999",1,0.013577502624800997
CW4 Christian J. Koch Memorial Post Office,1,0.013595018710330925
"To amend the Post-Katrina Emergency Management Reform Act of 2006 to repeal certain obsolete requirements, and for other purposes",1,0.013621197596471426
Women Who Worked on the Home Front World War II Memorial Act,1,0.01362232089524457
End Human Trafficking in Government Contracts Act,1,0.013651544395990332
First Responder Fair RETIRE Act,1,0.013654873635306333
Puerto Rico Recovery Accuracy in Disclosures Act,1,0.013663372533071764
"To authorize the Secretary of the Interior to designate the September 11th National Memorial Trail, and for other purposes",1,0.013667766665824126
Asset Seizure for Ukraine Reconstruction Act,1,0.013682661099687488
"To make technical amendments to update statutory references to certain provisions classified to title 2, United States Code, title 50, United States Code, and title 52, United States Code",1,0.013688910731453743
PPP and Bank Fraud Enforcement Harmonization Act,1,0.013760556406375458
Expressing the sense of the House of Representatives that the International Olympic Committee failed to adhere to its own human rights commitments,1,0.01377472013782019
National Defense Authorization Act for Fiscal Year 2023,1,0.013791288145743616
United States Commission on International Religious Freedom Reauthorization Act,1,0.013805437011551857
Veterans’ Compensation Cost-of-Living Adjustment Act,1,0.013823358781843924
HAVANA Act,1,0.013824196351779318
BRAVE Act,1,0.013840894932139594
Prevent Exposure to Narcotics and Toxics Act,1,0.013849529507702782
Ukraine Religious Freedom Support Act,1,0.013860044556057821
"To make technical amendments to update statutory references to certain provisions classified to title 7, title 20, and title 43, United States Code",1,0.013866734717155526
Condemning the ongoing genocide and crimes against humanity being committed against Uyghurs and members of other religious and ethnic minority groups by the People’s Republic of China,1,0.013869770001338438
"To designate the Federal Office Building located at 308 W. 21st Street in Cheyenne, Wyoming , as the “Louisa Swain Federal Office Building”",1,0.013883338325259415
Amache National Historic Site Act,1,0.013906644343203826
Uyghur Forced Labor Prevention Act,1,0.013920574225287717
Supporting Families of the Fallen Act,1,0.013922786975178417
Patient Advocate Tracker Act,1,0.013947574654575946
,0,0.013972107996626876
United States Army Rangers Veterans of World War II Congressional Gold Medal Act,1,0.01398291811508062
SBA Cyber Awareness Act,1,0.014002878107561581
"Direct the Sec. of VA to seek to enter into an agreement with the National Academies for a review of examinations, furnished by the Sec., to individuals who submit claims to the Sec. for compensation under chapter 11 of title 38, U.S.C., for mental & physical conditions to military sexual trauma",1,0.014014972196231653
Colonel John M. McHugh Tuition Fairness for Survivors Act,1,0.014032538951031473
Congressional Budget Justification Transparency Act,1,0.014059114862820814
,0,0.01406263394399189
Department of Veterans Affairs Principles of Benefits Automation Act,1,0.014069501813315786
504 Credit Risk Management Improvement Act,1,0.014070656478407752
Russia and Belarus SDR Exchange Prohibition Act,1,0.014073640152540753
Debarment Enforcement of Bad Actor Registrants Act,1,0.014083260752758623
"Small Business Mergers, Acquisitions, Sales, and Brokerage Simplification Act",1,0.014091006956279606
,0,0.014101717998557198
Veterans Eligible to Transfer School (VETS) Credit Act,1,0.01412528046253771
"To make revisions in title 5, United States Code, as necessary to keep the title current, and to make technical amendments to improve the United States Code",1,0.014130019201932591
Isolate Russian Government Officials Act,1,0.014135323760968975
"To designate the facility of the United States Postal Service located at 3900 Crown Road Southwest in Atlanta, Georgia, as the “John R. Lewis Post Office Building”",1,0.014140161688122665
"To designate the facility of the United States Postal Service located at 42 Main Street in Slatersville, Rhode Island, as the “Specialist Matthew R. Turcotte Post Office”",1,0.014140982066367332
"To direct the Secretary of State to develop a strategy to regain observer status for Taiwan in the World Health Organization, and for other purposes",1,0.014149265468227309
"To amend title 38, United States Code, to direct the Secretary of Veterans Affairs to provide for peer support specialists for claimants who are survivors of military sexual trauma, and for other purposes",1,0.014200135899866064
Post-Disaster Assistance Online Accountability Act,1,0.014211642433406616
Courthouse Ethics and Transparency Act,1,0.014224461238217799
South Florida Clean Coastal Waters Act,1,0.014243714702067345
Making Advances in Mammography and Medical Options for Veterans Act,1,0.014250573150937822
Quantum Computing Cybersecurity Preparedness Act,1,0.014258782538052779
Russia and Belarus Financial Sanctions Act,1,0.014269513640485433
"To authorize the Seminole Tribe of Florida to lease or transfer certain land, and for other purposes",1,0.014284847036336625
Dr. Kate Hendricks Thomas Supporting Expanded Review for Veterans In Combat Environments Act,1,0.014288001537855331
Stop Iranian Drones Act,1,0.014302297831355542
Condemning the continued violation of rights and freedoms of the people of Hong Kong by the People’s Republic of China and the Government of the Hong Kong Special Administrative Region,1,0.01430584380401867
To direct the Secretary of Veterans Affairs to ensure that certain medical facilities of the Department of Veterans Affairs have physical locations for the disposal of controlled substances medications,1,0.014339864483492119
Fiscal Year 2022 Veterans Affairs Major Medical Facility Authorization Act,1,0.014351766801141655
"To designate the facility of the United States Postal Service located at 2800 South Adams Street in Tallahassee, Florida, as the “D. Edwina Stephens Post Office”",1,0.014362964440622378
Cambodia Democracy Act of 2021,1,0.014378049553304798
Accelerating Access to Critical Therapies for ALS Act,1,0.014385777814603384
Gold Star Mothers Family Monument Extension Act,1,0.01438627758602284
"To redesignate the Federal building located at 167 North Main Street in Memphis, Tennessee as the “Odell Horton Federal Building”",1,0.01442003075858473
Lactation Spaces for Veteran Moms Act,1,0.014423011598939828
Department of Veterans Affairs Expiring Authorities Act,1,0.014427221697249769
"To rename the Provo Veterans Center in Orem, Utah, as the “Col. Gail S. Halvorsen ’Candy Bomber’ Veterans Center”",1,0.014435764440830284
"To authorize the National Medal of Honor Museum Foundation to establish a commemorative work in the District of Columbia and its environs, and for other purposes",1,0.01444071784454965
MST Claims Coordination Act,1,0.01444675037506699
Billy’s Law,1,0.01445757275451947
Six Triple Eight Congressional Gold Medal Act,1,0.014493574524792673
Willie O’Ree Congressional Gold Medal Act,1,0.014507059796713732
,0,0.014507444811172348
War Crimes Rewards Expansion Act,1,0.014526916951072132
Formula Act,1,0.014537688200876208
TRANSPLANT Act,1,0.014542830082780202
To designate the “Atanasio Taitano Perez Post Office”,1,0.014548291208053224
Divided Families Reunification Act,1,0.014548702429024493
Supporting the people of Ukraine,1,0.014551507973146896
Veteran Entrepreneurship Training Act of 2021,1,0.014553012546591108
Protecting America’s First Responders Act,1,0.014567962350002742
PPP Extension Act,1,0.014572627647320998
Disaster Assistance for Rural Communities Act,1,0.014593477722140449
Senator Johnny Isakson VA Regional Office Act,1,0.01461090966423845
Securing a Strong Retirement Act of 2022,1,0.014721080490677097
Condemning threats of violence against historically Black colleges and universities (“HBCUs”) and reaffirming support for HBCUs and their students,1,0.014737737030828297
"To designate the Federal Building and United States Courthouse located at 1125 Chapline Street in Wheeling, West Virginia, as the “Frederick P. Stamp, Jr. Federal Building and United States Courthouse”",1,0.014741656209754931
"To amend title 38, United States Code, to authorize the Secretary of Veterans Affairs to transfer the name of property of the Department of Veterans Affairs designated by law to other property of the Department",1,0.014748987965412741
Blackwell School National Historic Site Act,1,0.014772500266547596
"Condemning the October 25, 2021, military coup in Sudan and standing with the people of Sudan",1,0.014772825039499149
Calling on the Government of the Republic of Rwanda to release Paul Rusesabagina on humanitarian grounds,1,0.01478592775046283
"To amend title 38, United States Code, to establish in the Department of Veterans Affairs an Advisory Committee on United States Outlying Areas and Freely Associated States, and for other purposes",1,0.01478677968673242
Condemning rising antisemitism,1,0.014794529871127709
,-1,0.014815686195941518
Protecting Indian Tribes from Scams Act,1,0.014842858937248574
Information and Communication Technology Strategy Act,1,0.014842870795482186
Preliminary Damage Assessment Improvement Act,1,0.01485803181874158
"To designate the facility of the United States Postal Service located at 502 East Cotati Avenue in Cotati, California, as the “Arthur Luis Ibleto Post Office Building”",1,0.014867404139832785
Major Medical Facility Authorization Act,1,0.014878170406584937
Strengthening Oversight for Veterans Act of 2021,1,0.014880063387682305
Adjustable Interest Rate (LIBOR) Act,1,0.01498998257865793
Emmett Till Antilynching Act,1,0.015074630296262425
To extend authorization for livestock mandatory reporting,1,0.015119161642741224
Suspending Normal Trade Relations with Russia and Belarus Act,1,0.015120007568414615
Protecting Seniors from Emergency Scams Act,1,0.015127663552215287
PRICE Act,1,0.01518201540875791
Advancing Education on Biosimilars Act,1,0.015185396206638788
Improving the Health of Children Act,1,0.01519625143415959
Small Business 7(a) Loan Agent Transparency Act,1,0.015227109609525493
"To amend the Alyce Spotted Bear and Walter Soboleff Commission on Native Children Act to extend the deadline for a report by the Alyce Spotted Bear and Walter Soboleff Commission on Native Children, and for other purposes",1,0.015263224803280254
"William T. Coleman, Jr. and Norman Y. Mineta Department of Transportation Headquarters Act",1,0.015326017487323915
Maximizing Outcomes through Better Investments in Lifesaving Equipment for (MOBILE) Health Care Act,1,0.015328922812455223
Eastern Band of Cherokee Historic Lands Reacquisition Act,1,0.015360712919262293
SPEED Recovery Act,1,0.01538742579867199
DHS Acquisition Reform Act,1,0.015390073627496781
Spectrum Coordination Act,1,0.01540763469664132
Suspending Energy Imports from Russia Act,1,0.015472434818839656
Ukraine Invasion War Crimes Deterrence and Accountability Act,1,0.015478462780124557
,-1,0.015496646086918081
Protecting Moms Who Served Act,1,0.015509695597183504
American Fisheries Advisory Committee Act,1,0.015510501372081952
Prohibiting Punishment of Acquitted Conduct Act,1,0.015521743108121346
E-BRIDGE Act,1,0.015536954028834676
Cattle Contract Library Act,1,0.015544817059968477
Modernizing Access to Our Public Land Act,1,0.01554535133978341
Suspending Normal Trade Relations with Russia and Belarus Act,1,0.015639288915712146
Rural Opioid Abuse Prevention Act,1,0.01564038853392461
Fraud and Scam Reduction Act,1,0.015652734468142984
Protecting Semiconductor Supply Chain Materials from Authoritarians Act,1,0.015665508736894734
Supplemental Impact Aid Flexibility Act,1,0.015686678301492674
Supporting Small Business and Career and Technical Education Act,1,0.015707611072168177
Effective Assistance of Counsel in the Digital Era Act,1,0.015763999984635783
"Food Allergy Safety, Treatment, Education, and Research Act",1,0.01576894673294859
Advancing Telehealth Beyond COVID-19 Act,1,0.015794713270231832
504 Modernization and Small Manufacturer Enhancement Act,1,0.015802574941427124
Performance Enhancement Reform Act,1,0.01586169484796235
SBIR and STTR Extension Act,1,0.015876712092053824
Investing in Main Street Act of 2021,1,0.0158776114421314
Blackwell School National Historic Site Act,1,0.015886632352576032
Colorado River Indian Tribes Water Resiliency Act,1,0.015892447560147266
Countering Malign Russian Activities in Africa Act,1,0.01589551463363824
Lymphedema Treatment Act,1,0.01590580040040608
COVID-19 Bankruptcy Relief Extension Act,1,0.01594049442163834
To remove the 4-year sunset from the Pro bono Work to Empower and Represent Act of 2018,1,0.015963396224931883
Access to Baby Formula Act,1,0.015997294260618893
Strengthening Subcontracting for Small Business Act,1,0.016003858657980166
National Defense Authorization Act for Fiscal Year 2022,1,0.016045951242041036
,-1,0.016046830650232383
Opiod Prescription Verification Act,1,0.016046915937761284
Synthetic Opiod Danger Awareness Act,1,0.016096909841745558
NOAA Weather Radio Modernization Act,1,0.016152770476360837
Ukraine Democracy Defense Lend-Lease Act,1,0.016162602381336783
Department of Veterans Affairs Office of Inspector General Training Act,1,0.016164742564077135
,0,0.01619143920696571
"To award three congressional gold medals to the United States Capitol Police and those who protected the U.S. Capitol on January 6, 2021",1,0.016228408343249984
STREAM Act,1,0.01624028389185874
Expediting Disaster Recovery Act,1,0.016243290685181877
Trans-Sahara Counterterrorism Partnership Program Act,1,0.016318507093019168
Suspending Energy Imports from Russia Act,1,0.016353188771455786
Pala Band of Mission Indians Land Transfer Act,1,0.016376349434202964
Small Business Development Center Cyber Training Act of 2021,1,0.01642451178211564
Social Determinants of Health Data Analysis Act,1,0.016431030761963863
"To designate the Federal building located at 1200 New Jersey Avenue Southeast in Washington, DC, as the “Norman Yoshio Mineta Federal Building”",1,0.0164571695417168
Juneteenth National Independence Day Act,1,0.01648293169524931
Small State and Rural Rescue Act,1,0.016498854747890968
"To amend the Fentanyl Sanctions Act, to modify certain deadlines relating to the Commission on Combating Synthetic Opioid Trafficking",1,0.016510000002768463
Data Mapping to Save Moms’ Lives Act,1,0.016546778396719784
American Cybersecurity Literacy Act,1,0.016552614803934856
Allies Act,1,0.016565087334201974
Microloan Improvement Act,1,0.016579625876775268
Understanding Cybersecurity of Mobile Networks Act,1,0.01660122716546414
Uyghur Policy Act,1,0.01670306254588886
National Computer Forensics Institute Reauthorization Act,1,0.01671541735277357
"To direct the Secretary of Veterans Affairs to update the payment system of the Department of Veterans Affairs to allow for electronic fund transfer of educational assistance, administered by the Secretary, to a foreign institution of higher education",1,0.01671839187068638
"Condemning the military coup that took place on February 1, 2021, in Burma and the Burmese military detention of civilian leaders, calling for the release of all those detained and for those elected to serve Parliament to resume their duties, and for other purposes",1,0.016747431705710775
Federal Rotational Cyber Workforce Program Act,1,0.016759697315407836
"To amend title 38, United States Code, to improve hearings before the Board of Veterans’ Appeals regarding claims involving military sexual trauma",1,0.016760385094325803
Open RAN Outreach Act,1,0.016832469279800928
State and Local Government Cybersecurity Act of 2021,1,0.016849508457119244
SHINE for Autumn Act,1,0.016854821048334575
Early Hearing Detection and Intervention Act,1,0.016900818108659867
Japanese American World War II History Network Act,1,0.016901008208755845
Consider Teachers Act,1,0.016909680163566764
Early Hearing Detection and Intervention Act,1,0.016922914802337978
,1,0.016929463970762795
Urban Indian Health Confer Act,1,0.016934583439960058
Hazard Eligibility and Local Projects Act,1,0.017075552728598776
"Calling for stability and the cessation of violence and condemning ISIS-affiliated terrorist activity in norther Mozambique, including the Cabo Delgado Province, and for other purposes",1,0.01711168215150885
Georgia Support Act,1,0.017173209907974912
Enhancing Mental Health and Suicide Prevention Through Campus Planning Act,1,0.01718427305110484
Promoting United States International Leadership in 5G Act of 2021,1,0.0172090932271373
FEMA Caseworker Accountability Act,1,0.017228392507060833
"Expressing support for Moldova’s democracy, independence, and territorial integrity and strengthening United States and Moldova relations",1,0.01724503974403633
DHS Roles and Responsibilities in Cyber Space Act,1,0.01725168325898655
Lawrence M. ’Larry’ Walsh Sr. Post Office,1,0.01728660674387604
Fairness in Orphan Drug Exclusivity Act,1,0.01733073206648147
Public Safety Officer Support Act,1,0.017332894647058672
Promoting Digital Privacy Technologies Act,1,0.017367927655065164
,-1,0.01738941044763981
WOSB Program Transparency Act,1,0.017431201068727913
Protecting Firefighters from Adverse Substances Act,1,0.01743782800547971
Veterans Rapid Retraining Assistance Program Restoration and Recovery Act,1,0.01744501106523953
Energy Security and Lightering Independence Act,1,0.017469677392096847
Homicide Victims’ Families’ Rights Act,1,0.017471532647086077
Strengthening America’s Strategic National Stockpile Act,1,0.017520440356377655
National Park Foundation Reauthorization Act,1,0.017560625925324248
Financial Transparency Act,1,0.017569365673786985
Access for Veterans to Records Act,1,0.017592957241750265
Dr. Joanne Smith Memorial Rehabilitation Innovation Centers Act,1,0.017657927065394274
"To award four congressional gold medals to the United States Capitol Police and those who protected the U.S. Capitol on January 6, 2021",1,0.017683309524839378
Hazard Eligibility and Local Projects Act,1,0.01771945246800085
Shadow Wolves Enhancement Act,1,0.01775475408039569
National Cybersecurity Preparedness Consortium Act,1,0.017773680939153158
Restoring Hope for Mental Health and Well-Being Act of 2022,1,0.01780810435760926
Justice and Mental Health Collaboration Reauthorization Act of 2022,1,0.017843830676393092
Bankruptcy Threshold Adjustment and Technical Corrections Act,1,0.017914255836817217
Expressing support for the sovereign decision of Finland and Sweden to apply to join the North Atlantic Treaty Organization (NATO) as well as calling on all members of NATO to ratify the protocols of accession swiftly,1,0.017970673263394948
Frederick Douglass Trafficking Victims Prevention and Protection Reauthorization Act of 2022,1,0.017996323684560528
TBI and PTSD Law Enforcement Training Act,1,0.018013816497883778
,-1,0.018054228174084246
Patents for Humanity Act,1,0.018087386551393473
Bear River National Heritage Area Study Act,1,0.018154007599976887
Libya Stabilization Act,1,0.018200975421639003
,-1,0.018376849872659973
"To designate the community-based outpatient clinic of the Department of Veterans Affairs planned to be built in Oahu, Hawaii, as the “Daniel Kahikina Akaka Department of Veterans Affairs Community-Based Outpatient Clinic”",1,0.018387968871284438
"To designate the El Paso Community Healing Garden National Memorial, and for other purposes",1,0.018406674034354722
Safeguarding Tomorrow through Ongoing Risk Mitigation Technical Corrections Act,1,0.018478238127474948
Upper Colorado and San Juan River Basins Recovery Act,1,0.018541000663637695
FUTURE Networks Act,1,0.018552749772259305
Fairness for 9/11 Families Act,1,0.018575605588609215
Bombing Prevention Act of 2022,1,0.01867433121952832
Agua Calinete Land Exchange Fee to Trust Confirmation Act,1,0.01868593913313009
Advanced Air Mobility Coordination and Leadership Act,1,0.018748488281044765
Drug-Free Communities Pandemic Relief Act,1,0.018772541319758133
Food and Drug Amendments of 2022,1,0.018792222111111624
AI Training Act,1,0.018883605747382508
Jackie Walorski Maternal and Child Home Visiting Reauthorization Act of 2022,1,0.018933159647681923
"Communications Security, Reliability, and Interoperability Council Act",1,0.018997414188068176
,1,0.019014978934861256
"Haiti Development, Accountability, and Institutional Transparency Initiative Act",1,0.019019568268231594
Respect for Child Survivors Act,1,0.019072163944194084
Sovereign Debt Contract Capacity Act,1,0.019116362718177425
Darren Drake Act,1,0.019292879221888243
Cybersecurity Grants for Schools Act of 2022,1,0.019373060025902056
Student Veteran Emergency Relief Act,1,0.01946040435220585
Chronic Wasting Disease Research and Management Act,1,0.01959380396603458
Supporting the Foundation for the National Institutes of Health and the Reagan-Udall Foundation for the Food and Drug Administration Act,1,0.019656020805354536
,0,0.01969610130773672
United States Anti-Doping Agency Reauthorization Act,1,0.019831863335161907
"To amend the White Mountain Apache Tribe Water Rights Quantification Act of 2010 to modify the enforceability date for certain provisions, and for other purposes",1,0.019842038767855667
President’s Cup Cybersecurity Competition Act,1,0.01990817143316657
Water Resources Development Act,1,0.01994750923049207
Dr. Lorna Breen Health Care Provider Protection Act,1,0.019984066971374725
"To designate the facility of the United States Postal Service located at 4020 Broadway Street in Houston, Texas, as the “Benny C. Martinez Post Office Buidling”",1,0.019987181346561654
DHS Basic Training Accredidation Improvement Act,1,0.020030760666162186
Empowering the U.S. Fire Administration Act,1,0.020040371528942235
National Forest Restoration and Remediation Act,1,0.020120246030843843
Great Dismal Swamp National Heritage Area Act,1,0.02018185968632768
Invest to Protect Act,1,0.020373541849042033
VOCA Fix to Sustain the Crime Victims Fund Act,1,0.02040568482267408
To amend title VI of the Social Security Act to extend the coverage of Coronavirus Relief Fund payments to Tribal Governments,1,0.0204498182334538
Don Young Coast Guard Authorization Act of 2022,1,0.02048776354049729
Nicholas and Zachary Burt Memorial Carbon Monoxide Poisoning Prevention Act,1,0.020506862835646983
"To prevent across-the-board direct spending cuts, and for other purposes",1,0.020532523133467272
DOULA for VA Act of 2022,1,0.02054577488086226
Desert Sage Youth Wellness Center Access Improvement Act,1,0.020646007556128367
,1,0.020662617407095542
CREW Act,1,0.02072202624134663
Advanced Air Mobility Coordination and Leadership Act,1,0.02075970522488573
To authorize leases of up to 99 years for land held in trust for the Confederated Tribes of the Chehalis Reservation,1,0.02077940839362297
Preventing PFAS Runoff at Airports Act,1,0.020779838544562636
Protecting Our Kids Act,1,0.020781491766943827
,0,0.02085525331579946
Ocean Shipping Reform Act,1,0.020898576531925315
To provide for an exception to a limitation against appointment of persons as Secretary of Defense within seven years of relief from active duty as a regular commissioned officer of the Armed Forces,1,0.021099014593283876
Advancing Human Rights-Centered International Conservation Act,1,0.021260876982254352
Student Veteran Work Study Modernization Act,1,0.02128256858177746
Old Pascua Community Land Acquisition Act,1,0.02130326948021663
Kissimmee River Wild and Scenic River Act,1,0.021374350346556183
"To amend the Not Invisible Act of 2019 to extend, and provide additional support for, the activities of the Department of the Interior and the Department of Justice Joint Commission on Reducing Violent Crime Against Indians, and for other purposes.",1,0.02141317177429502
Keep Kids Fed Act,1,0.021455611563367463
Resilient AMERICA Act,1,0.021494663679572
,1,0.021583377526005587
Global Malnutrition Prevention and Treatment Act,1,0.021619659954830683
COVID-19 American History Project Act,1,0.021652548998264375
State Opiod Response Grant Authorization Act,1,0.021662865762814787
CARING for Social Determinants Act,1,0.021729202932141107
Hualapai Tribe Water Rights Settlement Act,1,0.021738838330099847
Ocean Shipping Reform Act of 2021,1,0.021775102261813745
Better Cybercrime Metrics Act,1,0.021778162631805986
,0,0.021815679616752667
Catawba Indian Nation Lands Act,1,0.021816956733890405
Bridging the Gap for New Americans Act,1,0.0218203964379229
Transatlantic Telecommunications Security Act,1,0.02189673524038476
,-1,0.02191341852950464
Food Security for All Veterans Act,1,0.021945471315617714
Saline Lake Ecosystems in the Great Basin States Program Act,1,0.021948039718359607
Industrial Control Systems Cybersecurity Training Act,1,0.021965173066906235
Indian Buffalo Management Act,1,0.021991072415224324
,0,0.022034494038051727
Further Surface Transportation Extension Act of 2021,1,0.022057662056629717
Empowering States to Protect Seniors from Bad Actors Act,1,0.02221403973446911
,0,0.02232068748815885
Campus Prevention and Recovery Services for Students Act,1,0.022325774950539057
TRANSLATE Act,1,0.022328311204677143
Safeguard Tribal Objects of Patrimony Act of 2021,1,0.022372695217955152
Small Business Workforce Pipeline Act,1,0.02246496753848545
Global Aircraft Maintenance Safety Improvement Act,1,0.022491160087936425
Surface Transportation Extension Act,1,0.022579037177080617
,1,0.022608121116105443
,0,0.022763160977168042
National Center for the Advancement of Aviation Act,1,0.02278338031555254
Ukraine Comprehensive Debt Payment Relief Act,1,0.022837249653987316
,0,0.022845708016904963
,0,0.02287094738956159
Lumbee Recognition Act,1,0.022912835007602723
,0,0.022915720922021925
,0,0.023065298602740623
Oral Health Literacy and Awareness Act of 2021,1,0.023074126203072268
,0,0.02313421368523747
"Additional Ukraine Supplemental Appropriations Act, 2022",1,0.023182139483866347
"To designate the medical center of the Department of Veterans Affairs in metropolitan Atlanta, Georgia, as the “Joseph Maxwell Cleland Atlanta Department of Veterans Affairs Medical Center”",1,0.023241420871487062
National Centers of Excellence in Advanced and Continuous Pharmaceutical Manufacturing Act,1,0.02329247643212684
,1,0.02347566817864284
,1,0.02358259094354659
Hubzone Price Evaluation Preference Clarification Act,1,0.023601928785165448
DHS Trade and Economic Security Council Act,1,0.02362402104951989
Eliminating a Quantifiably Unjust Application of the Law Act,1,0.023698112875463456
"To designate the United States courthouse located 1501 North 6th Street in Harrisburg, Pennsylvania, as the “Sylvia H. Rambo United States Courthouse”",1,0.023849627691903214
Federal PFAS Research Evaluation Act,1,0.023867274779042907
COVID-19 Hate Crimes Act,1,0.023890665969929524
Protection of Saudi Dissidents Act,1,0.02399721843335793
To obtain and direct the placement in the Capitol or on the Capitol Grounds of a statue to honor Associate Justice of the Supreme Court of the United States Sandra Day O’Connor and a statue to honor Associate Justice of the Supreme Court of the United States Ruth Bader Ginsburg,1,0.024043347645723117
"Reaffirming the economic partnership between the United States and the Caribbean nations and recongnizing the need to strengthen trade and investment between the United States and the Carribbean nations, our “Third Border”",1,0.02406536943319591
"To designate the facility of the United States Postal Service located at 1961 North C Street in Oxnard, California, as the “John R. Hatcher III Post Office Building”",1,0.02407632554627672
Equal Pay for Team USA Act,1,0.024088186419086437
Calling on the United States Government to uphold the founding democratic principles of the North Atlantic Treaty Organization and establish a Center for Democratic Resilience within the headquarters of the North Atlantic Treaty Organization,1,0.024181830990803125
,1,0.024182218786310435
National Science Foundation for the Future Act,1,0.024350720272926108
Timely Delivery of Bank Secrecy Act Reports Act,1,0.02437989538300389
,-1,0.024496106055297562
,-1,0.02485187306336966
Caribbean Basin Security Initiative Authorization Act,1,0.025010362145632174
Medical Marijuana Research Act,1,0.025071152360611505
Brycen Gray and Ben Price COVID-19 Cognitive Research Act,1,0.025072267561143127
,0,0.02508161073336444
,1,0.025095855133408996
Native American Langauge Resource Center Act of 2022,1,0.025165809653050143
Department of Energy Science for the Future Act,1,0.025198187422172877
,1,0.025463131731998725
Improving Access to Workers’ Compensation for Injured Federal Workers Act,1,0.02550783694613581
,1,0.025528636827728858
Chai Suthammanont Healthy Federal Workplaces Act,1,0.02562802061858798
BRIGHT Act,1,0.02566872900095598
Stronger Child Abuse Prevention and Treatment Act,1,0.025856360537011937
Advanced Aviation Infrastructure Modernization Act,1,0.02586614667697008
PRECIP Act,1,0.02598897934757051
"To designate the facility of the United States Postal Service located at 2245 Rosa L Parks Boulevard in Nashville, Tennessee, as the “Thelma Harper Post Office Building”",1,0.026127728149313474
,1,0.026151746065888333
,-1,0.026206291939536483
,0,0.026207093495686912
Durbin Feeling Native American Languages Act of 2021,1,0.02643245323703991
,0,0.026639309263796457
Millennium Challenge Corporation Eligibility Expansion Act,1,0.026693649895634747
Protecting Our Gold Star Families Education Act,1,0.026832677129770183
Fair Hiring in Banking Act,1,0.026862453800943653
Pregnant Women in Custody Act,1,0.02695816448671209
Stop Sexual Assault and Harassment in Transportation Act,1,0.02715001534358416
Wildfire Recovery Act,1,0.02722409361730014
,-1,0.027306162902880904
Community Disaster Resilience Zones Act,1,0.02733133361699299
Advanced Research Projects Agency-Health Act,1,0.0273562799063478
Medical Marijuana and Cannabidiol Research Expansion Act,1,0.02766421115129733
Visit America Act,1,0.027702736690670627
,1,0.027713175080375754
SAFE Banking Act,1,0.02781654994240835
Ending Forced Arbitration of Sexual Assualt and Sexual Harassment Act,1,0.02791287148148742
Postal Service Reform Act,1,0.02813319518302614
National Heritage Area Act,1,0.02819344330830441
Global Food Security Reauthorization Act,1,0.028207480218736848
,0,0.02825141836403772
,0,0.028437905258619445
Mathematical and Statistical Modeling Education Act,1,0.028459621928520647
Terry Technical Correction Act,1,0.02846280428306993
,-1,0.029233342524636514
Speak Out Act,1,0.029356793741816715
,1,0.029444646725328247
,0,0.02947113711355498
Pregnant Workers Fairness Act,1,0.0294841071792291
PAST Act,1,0.029577545385994785
"To amend the Act of June18, 1934, to reaffirm the authority of the Secretary of the Interior to take land into trust for Indian Tribes, and for other purposes",1,0.029652509115238444
Ensuring Lasting Smiles Act,1,0.030012823003602123
,1,0.0301214205183894
,-1,0.03024218747714519
Drone Infrastructure Inspection Grant Act,1,0.03029197730820566
To provide for a resolution with respect to the unresolved disputes between certain railroads represented by the National Carriers’ Conference Committee of the National Railway Labor Conference and certain of their employees,1,0.030405498799051713
,0,0.03071509978025313
Global Health Security Act,1,0.030808386658554
Peace Corps Reauthorization Act,1,0.031153574369827693
,0,0.03135278585821501
,-1,0.03142740573590753
,1,0.03149836142047717
Merger Filing Fee Modernization Act,1,0.031529540137938586
Immunization Infrastructure Modernization Act,1,0.03178131499812519
,1,0.03209141448108067
Care is an Economic Development Strategy Act,1,0.032099048282100424
Directing the Joint Committee on the Library to replace certain statues in the United States Capitol,1,0.03211503235118153
,0,0.03242642057550631
Big Cat Public Safety Act,1,0.032608930693380514
Federal Firefighters Fairness Act,1,0.03262608769279743
National Aviation Preparedness Plan Act,1,0.03275649663570403
Guard and Reserve GI Bill Parity Act,1,0.0331768135236182
Nonprofit Security Grant Program Improvement Act of 2022,1,0.033223798496575245
Build Back Better Act,1,0.0332831553324257
To repeal the Authorization for Use of Military Force Against Iraq Resolution of 2002,1,0.033421813984467225
,0,0.03356059736111362
,0,0.03402294563475722
,1,0.03404156959146911
Respect for Marriage Act,1,0.0342068521454349
Law Enforcement De-Escalation Training Act of 2022,-1,0.03447379469149324
,-1,0.03454485716355984
,-1,0.034685655246954654
Law Enforcement De-Escalation Training Act of 2022,1,0.03494976341726516
PUMP for Nursing Mothers Act,1,0.03497276837863071
,0,0.03512749770427261
,-1,0.03515421362860859
,-1,0.03532942290023204
"Haiti Development, Accountability, and Institutional Transparency Initiative Act",1,0.03534254616450017
Targeting Resources to Communities in Need Act,-1,0.03536098471355463
,0,0.03539991383081
Further Additional Continuing Appropriations Act,1,0.03596254842782039
Respect for Marriage Act,1,0.03605747134068984
Active Shooter Alert Act,-1,0.0361391572223226
,0,0.036259728184426535
Fairness in Orphan Drug Exclusivity Act,-1,0.0364297929544407
EVEST Act,1,0.036585863695793815
,0,0.03665932517120798
One Stop Shop Community Reentry Program Act of 2021,1,0.036695703191881326
Susan Muffley Act,1,0.03670268847143722
Active Shooter Alert Act,1,0.0367297045207525
To designate the “Lynn C. Woolsey Post Office Building”,-1,0.03673629663950245
Respect for Marriage Act,1,0.036831702959217845
Workplace Violence Prevention for Health Care and Social Service Workers Act,1,0.03690801924383563
"Providing for consideration of the bills (H.R. 4346) Legislative Branch Appropriations Act, 2022; (H.R. 4373) Department of State, Foreign Operations, and Related Programs Appropriations Act, 2022; and (H.R. 4505) Commerce, Justice, Science, and Related Agencies Appropriations Act, 2022",1,0.036982030169919036
District of Columbia Chief Financial Officer Salary Home Rule Act,-1,0.037016580915580015
Targeting Resources to Communities in Need Act,1,0.037128598269678986
,0,0.03725727382828337
Community Services Block Grant Modernization Act of 2022,1,0.0372575535936302
The Violence Against Women Reauthorization Act of 2021,1,0.0372999614610687
,-1,0.03749142322939073
"Haiti Development, Accountability, and Institutional Transparency Initiative Act",1,0.0375231660182087
Honoring our PACT Act,1,0.03756629603267778
Farm Workforce Modernization Act,1,0.03759866807357466
National Commission to Investigate the January 6 Attack on the United States Capitol Complex Act,1,0.03766979233683514
"To prevent across-the-board direct spending cuts, and for other purposes",1,0.037694651026252204
,0,0.037698384769154755
"To authorize the Secretary of the Interior to designate the September 11th National Memorial Trail, and for other purposes",1,0.03783486789496475
,0,0.03793915901181753
National Apprenticeship Act,1,0.03794805321277539
LGBTQ Business Equal Credit Enforcement and Investment Act,-1,0.03800053951616677
,0,0.038006763825971894
Extending Government Funding and Delivering Emergency Assistance Act,1,0.03804748681967239
Violent Incident Clearance and Technological Investigative Methods Act,1,0.038147577155844645
"Condemning the horrific shootings in Atlanta, Georgia, on March 16, 2021, and reaffirming the House of Representative’s commitment to combating hate, bigotry, and violence against the Asian-American and Pacific Islander community",1,0.038180110191118756
LGBTQ Business Equal Credit Enforcement and Investment Act,1,0.03819601582535843
Protecting Older Workers Against Discrimination Act of 2021,1,0.038196118075401075
"Haiti Development, Accountability, and Institutional Transparency Initiative Act",1,0.03819751720303465
,-1,0.03822758682623296
,-1,0.038299323932673796
,0,0.03832460370341992
,0,0.03841015243994757
,0,0.03842000737089696
,0,0.03842886068968416
PFAS Action Act,1,0.03845257621656566
,-1,0.0384593818409242
,0,0.038510800970161504
Equal Access to Contraception for Veterans Act,1,0.03864497789679969
,0,0.03865667889130113
Meat and Poultry Special Investigator Act,1,0.038757158951598446
Recovering America’s Wildlife Act,1,0.03875912390351559
,0,0.038762366261315524
,0,0.038768531176375715
"To designate the United States Courthouse and Federal Building located at 111 North Adams Street in Tallahassee, Florida, as the “Joseph Woodrow Hatchett United States Courthouse and Federal Building”",-1,0.03877055269596115
"Providing for consideration of H.R. 842, Protecting the Right to Organize Act; H.R. 8, Bipartisan Background Checks Act; H.R. 1446, Enhanced Background Checks Act; and for other purposes",1,0.0387967414708515
IG Independence and Empowerment Act,1,0.038820129764273376
Equality Act,1,0.03882845006220207
,-1,0.0388580042742537
"Making appropriations for Legislative Branch for the fiscal year ending September 30, 2022, and for other purposes",1,0.03889045315460028
Puerto Rico Status Act,1,0.03894007576429029
,0,0.038990242250776797
INVEST in America Act,1,0.03900507717931811
"Providing for consideration of H.R. 9640, to amend the Internal Revenue Code of 1986 to provide for examination and disclosure with respect to Presidential income tax returns; S. 1942, the National Heritage Area Act; and for other purposes",1,0.039009396677955555
Equal Access to Contraception for Veterans Act,-1,0.03903361916752192
,0,0.03903384029681779
,0,0.03906814273878302
,0,0.03907756738937258
"Providing for consideration of H.R. 2662, IG Independence and Empowerment Act; H.R. 3005, directing the Joint Committee on the Library to replace certain statues in the Capitol; H.R. 3684, INVEST in America Act; H. Res. 503, establishing a Select Committee to Investigate the January 6th attack on the Capitol",1,0.03908086462359771
"Adopting the Rules of the House of Representatives for the One Hundred Seventeenth Congress, and for other purposes",1,0.039139735420313106
"Providing for further consideration of the bil (H.R. 3684) to authorize funds for Federal-Aid Highways, Highway Safety Programs, and Transit Programs, and for other purposes; and for other purposes",1,0.03922536583818523
,0,0.0392482755709115
,0,0.03929611810632002
"Providing for further consideration of the bil (H.R. 3684) to authorize funds for Federal-Aid Highways, Highway Safety Programs, and Transit Programs, and for other purposes; and for other purposes",1,0.039309589183748356
"Providing for congressional disapproval under chapter 8 of title 5, United States Code, of the rule submitted by the Environmental Protection Agency relating to “Oil and Natural Gas Sector: Emission Standards for New, Reconstructed, and Modified Sources Review”",1,0.03931909630878763
,0,0.039328176481636244
,0,0.03933885694339963
,0,0.039344327317252785
,0,0.03935394151943769
Joint Consolidation Loan Separation Act,1,0.03936853693183746
,0,0.039376531323091504
Establishing the Select Committee to Investigate the January 6th Attack on the United States Capitol,1,0.0393849169724534
"To amend section 1115 of title 31, United States Code, to amend the description of how performance goals are achieved, and for other purposes",1,0.039386811335036735
,0,0.03939328392465923
,0,0.039401237818095784
"Providing for consideration of H.R. 842, Protecting the Right to Organize Act; H.R. 8, Bipartisan Background Checks Act; H.R. 1446, Enhanced Background Checks Act; and for other purposes",1,0.03942270960511103
Providing for consideration of the bill (H.R. 3648) the Eagle Act; providing for consideration of the bill (H.R. 7946) the Veteran Service Recognition Act; and for other purposes; and for other purposes,1,0.03942792506237541
Creating a Respectful and Open World for Natural Hair Act,-1,0.03942884234586206
South Asian Heart Health Awareness and Research Act,1,0.03943854885075727
"Providing for consideration of the bill H.R. 1620, Violence Against Women Reauthorization Act; H.R. 6, American Dream and Promise Act; H.R. 1603, Farm Workforce Modernization Act; H.R. 1868, to prevent across-the-board direct spending cuts and H.J.Res. 17, removing deadline for the ratification of the equal rights adt",1,0.039462428478852896
,0,0.03948694358486608
,0,0.039516777296661726
"Providing for consideration of the bills: H.R. 3771 South Asian Heart Health Awareness and Research Act, H.R. 5118 Wildfire Response and Drought Resiliency Act, and H.R. 6929 Susan Muffley Act",1,0.03954377432063225
Providing for consideration of the bill (H.R. 2547) Comprehensive Debt Collection Improvement Act; providing for consideration of the bill (H.R. 1065) Pregnant Workers Fairness Act and for other purposes,1,0.03956228231105648
Providing for consideration of the bill (H.R. 447) National Apprenticeship Act and providing for consideration of the concurrent resolution (H.Con.Res. 11) establishing the congressional budget for the United States Government for FY 2021 and setting forth the appropriate budgetary levels for FY 2022 through 2030,1,0.03956504114544098
,0,0.03956579862655609
"Adopting the Rules of the House of Representatives for the One Hundred Seventeenth Congress, and for other purposes",1,0.03957031374527279
Restaurant Revitalization Fund Replenishment Act,1,0.039578214536502065
,0,0.03958532720520756
Continental Divide Trail Completion Act,1,0.039591694961530144
PRECIP Act,1,0.03959697512351908
,0,0.0395991199481975
,0,0.0395998982320123
Providing for consideration of the bill (H.R. 302) Preventing a Patronage System Act; providing for consideration of the bill (H.R. 2988) Whistleblower Protection Improvement Act; providing for consideration of the bill (H.R. 8326) Ensuring a Fair and Accurate Census Act,1,0.03964056933127718
"To designate the United States Courthouse and Federal Building located at 111 North Adams Street in Tallahassee, Florida, as the “Joseph Woodrow Hatchett United States Courthouse and Federal Building”",1,0.03964070862492121
Presidential Tax Filings and Audit Transparency Act,1,0.039647338930114975
"Making emergency supplemental appropriations for the fiscal year ending September 30, 2021, and for other purposes",1,0.03966071742657329
VA Employee Fairness Act,1,0.03966889854171582
"Providing for consideration of the bills H.R. 1948, S. 3905, and S. 4003; providing for consideration of the Senate amendment to the bill H.R. 1437; relating to consideration of the Senate amendments to the bill H.R. 2617; and for other purposes; and for other purposes",1,0.039670452252903096
"Providing for consideration of H.R. 4118, the Break the Cycle of Violence Act; H.R. 5768, the Violent Incident Clearance and Technological Investigative Methods Act of 2022; H.R. 6448, the Invest to Protect Act of 2022; and H.R. 8542, the Mental Health Justice Act of 2022",1,0.03968200929766043
Providing for consideration of the bill (H.R. 2543) Federal Reserve Racial and Economic Equity Act; providing for consideration of the bill (H.R. 2773) Recovering America’s Wildlife Act; providing for consideration of the bill (H.R. 7606) Meat and Poultry Special Investigator Act; and for other purposes,1,0.039686667517821156
Providing for consideration of the bill (H.R. 3372); providing for consideration of the bill (H.R. 6878); providing for consideration of the bill (H.R. 8876); providing for consideration of the joint resolution (H.J. Res. 100); and for other purposes,1,0.03968899479943134
Assault Weapons Ban,1,0.039691013721668666
,0,0.03969187592833409
MORE Act,1,0.039694783574064654
"Providing for consideration of the Senate amendment to the House amendment to the Senate amendment to H.R. 2617, Agriculture, Rural Development, Food and Drug Administration, and Related Agencies Appropriations Act; and for other purposes",1,0.0396973071928891
,0,0.03970620814174553
"Providing for consideration of H.R. 4176, LGBTQI+ Data Inclusion Act; H.R. 5585, Advanced Research Projects Agency-Health Act; and H.R. 7666, Restoring Hope for Mental Health and Well-Being Act of 2022; and for other purposes",1,0.039715293060069864
Raising a Question of the Privileges of the House,1,0.03972240463484315
Consumer Fuel Price Gouging Prevention Act,1,0.039731807066475035
"Providing for consideration of H.R. 2662, IG Independence and Empowerment Act; H.R. 3005, directing the Joint Committee on the Library to replace certain statues in the Capitol; H.R. 3684, INVEST in America Act; H. Res. 503, establishing a Select Committee to Investigate the January 6th attack on the Capitol",1,0.03973692527429955
Affordable Insulin Now Act,1,0.03974628097323542
,0,0.03975609203596427
Federal Reserve Racial and Economic Equity Act,1,0.03975784546126498
,0,0.03975849022990859
,0,0.03975924386660224
"Making appropriations for Legislative Branch for the fiscal year ending September 30, 2022, and for other purposes",1,0.03979585293879235
"Providing for consideration of H.R. 4176, LGBTQI+ Data Inclusion Act; H.R. 5585, Advanced Research Projects Agency-Health Act; and H.R. 7666, Restoring Hope for Mental Health and Well-Being Act of 2022; and for other purposes",1,0.039796945529615144
Protecting Our Kids Act,1,0.03979900614932889
Protecting Our Kids Act,1,0.03980060362868526
"Impeaching Donald John Trump, President of the United States, for high crimes and misdemeanors",1,0.03980230975615852
Colorado Wilderness Act,1,0.039803743901981645
,0,0.0398169116697546
"Infant Formula Supplemental Appropriations Act, 2022",1,0.03982151956307421
"Providing for consideration of H.R. 1629,the Fairness in Orphan Drug Exclusivity Act; and H. Res. 275, condemning the horrific shootings in Atlanta, GA on March 16, 2021",1,0.03983224325218157
"Providing for consideration of the bills (H.R. 4346) Legislative Branch Appropriations Act, 2022; (H.R. 4373) Department of State, Foreign Operations, and Related Programs Appropriations Act, 2022; and (H.R. 4505) Commerce, Justice, Science, and Related Agencies Appropriations Act, 2022",1,0.039832896408074615
Creating a Respectful and Open World for Natural Hair Act,1,0.03983432973141626
"Adopting the Rules of the House of Representatives for the One Hundred Seventeenth Congress, and for other purposes",1,0.039848835004775915
Providing for consideration of the bill (H.R. 8393) the Puerto Rico Status Act,1,0.03985917863360565
Workforce Innovation and Opportunity Act of 2022,1,0.03986330166311125
"Providing for consideration of the bills H.R. 1948, S. 3905, and S. 4003; providing for consideration of the Senate amendment to the bill H.R. 1437; relating to consideration of the Senate amendments to the bill H.R. 2617; and for other purposes; and for other purposes",1,0.039869493971998855
ESG Disclosure Simplification Act,1,0.039870063389990044
,0,0.03987134070107178
,0,0.03988474365062779
,0,0.03989189629449861
"To designate the United States Courthouse and Federal Building located at 111 North Adams Street in Tallahassee, Florida, as the “Joseph Woodrow Hatchett United States Courthouse and Federal Building”",1,0.03991042841203048
,0,0.03991850529366041
"Providing for consideration of the Senate amendment to the bill (H.R. 8404) to repeal the Defense of Marriage Act and ensure respect for State regulation of marriage, and for other purposes",1,0.03991985617601657
Protecting Our Kids Act,1,0.03992114355130443
,0,0.03992630314364315
"Providing for consideration of the bill S. 4524, the Speak Out Act, and for other purposes",1,0.039938974270778534
Providing for consideration of the bill (H.R. 1) For the People Act and providing for consideration of the bill (H.R. 1280) George Floyd Justice in Policing Act.,1,0.03994327670922399
,0,0.03994339799719223
Dream Act,1,0.039950289820813945
"Providing for consideration of the bill (H.R. 256) to repeal the Authorization for Use of Military Force Against Iraq Resolution of 2002; providing for consideration of the bill (H.R. 1187) ESG Disclosure Simplification Act, and for other purposes; and for other purposes",1,0.03995105879340394
"Providing for consideration of H.R. 2471 Haiti Development, Accountability, and Institutional Transparency Initiative Act; H.J. Res. 75 Making Further Continuing Appropriations for the Fiscaly Year ending Sept 30, 2022; H.R. 6968 Suspending Energy Imports From Russia Act; and H.R. 7007",1,0.03995440321612696
"Providing for consideration of the bill H.R. 1620, Violence Against Women Reauthorization Act; H.R. 6, American Dream and Promise Act; H.R. 1603, Farm Workforce Modernization Act; H.R. 1868, to prevent across-the-board direct spending cuts and H.J.Res. 17, removing deadline for the ratification of the equal rights adt",1,0.039972633823719905
,0,0.03998015246213433
"Adopting the Rules of the House of Representatives for the One Hundred Seventeenth Congress, and for other purposes",1,0.039983600239830476
,0,0.03998600687333153
Providing for consideration of the bill (H.R. 1319) to provide for reconciliation pursuant to title II of S. Con. Res. 5,1,0.03998825018267747
,0,0.039988886650460936
,0,0.039995562349807896
"Providing for consideration of H.R. 6531, H.R. 7309, and S. 2938, and for other purposes",1,0.04000321944882004
"Providing for consideration of the bill (H.R. 51) Washington, D.C. Admission Act; providing for consideration of the bill (H.R. 1573) Access to Counsel Act; providing for consideration of the bill (H.R. 1333) NO BAN Act; and for other purposes",1,0.04001045084463646
,0,0.04001417788740163
,0,0.04002418812544042
,0,0.04004131990321675
Affordable Insulin Now Act,1,0.04004153499970894
Providing for consideration of the bill (S. 1301) to provide for the publication by the Secretary of Health and Human Services of physical activity recommendations for Americans,1,0.04004439582384825
Comprehensive Debt Collection Improvement Act,1,0.040049201184944504
Bipartisan Background Checks Act,1,0.04004978356609043
Providing for consideration of the Senate amendment to the bill (H.R. 1319) to provide for reconciliation pursuant to title II of S. Con. Res. 5,1,0.04005109724508331
,0,0.04005242592106498
Removing a certain Member from a certain committee of the House of Representatives,1,0.04005587621695615
"Providing for consideration of the bill (H.R. 1808) to regulate assault weapons, to ensure that the right to keep and bear arms is not unlimited, and for other purposes",1,0.040059560098705954
Preventing Organizational Conflicts of Interest in Federal Acquisition Act,1,0.040060864483965425
,0,0.040065522175644123
"Providing for consideration of H.R. 6119, making further continuing appropriations for the fiscal year ending September 30, 2022; and for other purposes",1,0.0400661836463644
Removing a certain Member from certain standing committees of the House of Representatives,1,0.04007536371631105
Protect Older Job Applicants Act of 2021,1,0.040078108811405264
"Providing for consideration of the bill (H.R. 3233) National Commission to Investigate the January 6 Attack on the United States Capitol Complex Act; and providing for consideration of the bill (H.R. 3237) Emergency Security Supplemental to Respond to January 6th Appropriations Act, 2021, and for other purposes",1,0.04008000344775912
"Providing for consideration of the bill (H.R. 1808) to regulate assault weapons, to ensure that the right to keep and bear arms is not unlimited, and for other purposes",1,0.040084587491250115
,0,0.04008499256708167
"Waiving a requirement of clause 6(a) of rule XIII with respect to consideration of certain resolutions reported from the Committee on Rules, and for other purposes",1,0.04008788064063077
"Providing for consideration of the bill (H.R. 4502) making appropriations for the Departments of Labor, Health and Human Services, and Education, and related agencies for the fiscal year ending September 30, 2022, and for other purposes; and for other purposes",1,0.040089032949147174
Providing for consideration of the bill (H.R. 1) For the People Act and providing for consideration of the bill (H.R. 1280) George Floyd Justice in Policing Act.,1,0.040094061380561326
Providing for consideration of the bill (H.R. 3843) Merger Filing Fee Modernization Act; providing for consideration of the bill (H.R. 7780) Mental Health Matters Act; and providing for consideration of the bill (S. 3969) PAVA Program Inclusion Act,1,0.04009859229343721
Protecting Our Kids Act,1,0.04010172889792735
Protecting Our Kids Act,1,0.04010421285105291
Right to Contraception Act,1,0.04010846827431687
,0,0.04011609945201194
Protecting Our Kids Act,1,0.04011613062251785
,0,0.040120226062149524
"Providing for consideration of the bill (S. 475) to amend title 5, United States Code, to designate Juneteenth National Independence Day as a legal public holiday",1,0.040121189319631864
,0,0.040124649694047144
Providing for consideration of the bill (H.R. 2377) Federal Extreme Risk Protection Order Act; providing for consideration of the bill (H.R. 7910) Protecting Our Kids Act; and for other purposes,1,0.040136643793583573
Presidential Election Reform Act,1,0.040143772636342924
Providing for consideration of H. Res. 21,1,0.040144851081162496
Providing for consideration of the bill (H.R. 3485) Global Respect Act; providing for consideration of the bill (H.R. 4445) Ending Forced Arbitration of Sexual Assault and Sexual Harassment Act; and providing for consideration of the bill (H.R. 4521) Bioeconomy Research and Development Act,1,0.04014812412659946
Rights for the Transportation Security Administration Workforce Act,1,0.040149765169216985
George Floyd Justice in Policing Act of 2021,1,0.04015345169138189
,0,0.04015465970297066
"Providing for consideration of the bills: H.R. 3771 South Asian Heart Health Awareness and Research Act, H.R. 5118 Wildfire Response and Drought Resiliency Act, and H.R. 6929 Susan Muffley Act",1,0.04016136662323207
"Providing for consideration of the resolution (H. Res. 24) impeaching Donald John Trump, President of the United States, for high crimes and misdemeanors",1,0.04016346306184707
"Making appropriations for the Department of State, foreign operations, and related programs for the fiscal year ending September 30, 2022, and for other programs",1,0.040165116798832536
"Providing for consideration of H.R. 350, Domestic Terrorism Prevention Act; H.R. 7688, Consumer Fuel Price Gouging Prevention Act; H.R. 7790, Infant Formula Supplemental Appropriations Act, 2022; and for other purposes",1,0.04017336334517514
"Providing for consideration of the Senate amendment to the bill (H.R. 5746) to amend title 51, United States Code, to extend the authority of the National Aeronautics and Space Administration to enter into leases of non-excess property of the Adminstration",1,0.04017901010361976
"Waiving a requirement of clause 6(a) of rule XIII with respect to consideration of certain resolutions reported from the Committee on Rules, and for other purposes",1,0.04018564944013654
"Providing for consideration of the bill (H.R. 51) Washington, D.C. Admission Act; providing for consideration of the bill (H.R. 1573) Access to Counsel Act; providing for consideration of the bill (H.R. 1333) NO BAN Act; and for other purposes",1,0.04018736448663873
Enhanced Background Checks Act of 2021,1,0.040203152416171395
Whistleblower Protection Improvement Act,1,0.0402193983648575
"Providing for consideration of H.R. 963, FAIR Act of 2022 and H.R. 2116, CROWN Act of 2021",1,0.040235465748604385
"Providing for consideration of H.R. 3967, the Honoring our Promise to Address Comprehensive Toxics Act of 2021",1,0.04023691101814051
"Providing for consideration of the bill (H.R. 8294), Transportation, Housing and Urban Development, and Related Agencies Appropriations Act, 2023; providing for consideration of the bill (H.R. 8373), Right to Contraception Act; and providing for consideration of the bill (H.R. 8404), Respect for Marriage Act",1,0.04023752346378058
Providing for consideration of the following bills (H.R. 7900) National Defense Authorization Act for FY 2023; (S. 3373) Protecting Our Gold Star Families Education Act; (H.R. 8296) Women’s Health Protection Act; (H.R. 8297) Ensuring Women’s Right to Reproductive Freedom Act; and (H.R. 6538) Active Shooter Alert Act,1,0.040238421678169656
Establishing the congressional budget for the United States Government for fiscal year 2021 and setting forth the appropriate budgetary levels for fiscal years 2022 through 2030,1,0.040239933168252154
"Providing for consideration of the bill (H.R. 263) Big Cat Public Safety Act, and providing for consideration of the bill (H.R. 4040) Advancing Telehealth Beyond COVID-19 Act, and for other purposes",1,0.04024225143840365
"Providing for consideration of the Senate amendment to the bill (H.R. 5746) to amend title 51, United States Code, to extend the authority of the National Aeronautics and Space Administration to enter into leases of non-excess property of the Adminstration",1,0.04024695863401859
Protecting Our Kids Act,1,0.04025140557795505
Providing for a correction in the enrollment of H.J. Res. 100,1,0.04025261498617537
"Providing for consideration of H.R. 3617, MORE Act; H.R. 6833, Affordable Insulin Now Act; and for other purposes",1,0.04025490231951568
"Providing for consideration of H.R. 3967, the Honoring our Promise to Address Comprehensive Toxics Act of 2021",1,0.04025514829036366
"Providing for consideration of the Senate amendment to the House amendment to the Senate amendment to the bill (H.R. 4346) making appropriations for the Legislative Branch for the fiscal year ending September 30, 2022, and for other purposes",1,0.04025982525516948
Relating to the consideration of House Report 117-284 and an accompanying resolution,1,0.04027004435763804
,0,0.04027061404444118
Protecting the Right to Organize Act,1,0.04027265086350158
Providing for consideration of the bill (S. 1301) to provide for the publication by the Secretary of Health and Human Services of physical activity recommendations for Americans,1,0.04027823818383966
Veteran Service Recognition Act,1,0.04027840467890438
Providing for consideration of H. Res. 21,1,0.040280073083576284
Removing the deadline for the ratification of the equal rights amendment,1,0.040281795163772734
"Providing for consideration of the bill (H.R. 256) to repeal the Authorization for Use of Military Force Against Iraq Resolution of 2002; providing for consideration of the bill (H.R. 1187) ESG Disclosure Simplification Act, and for other purposes; and for other purposes",1,0.040284045267568985
"Providing for consideration of H.R. 903, Rights for the TSA Workforce Act; H.R. 2499, Federal Firefighters Fairness Act; H.R. 5129, Community Services Block Grant Modernization Act; and H.R. 7691, Additional Ukraine Supplemental Appropriations Act; and for other purposes",1,0.04028521359159202
,0,0.04028742121695931
,0,0.040293115727779764
Providing for consideration of the bill (H.R. 2547) Comprehensive Debt Collection Improvement Act; providing for consideration of the bill (H.R. 1065) Pregnant Workers Fairness Act and for other purposes,1,0.04029629113228496
,0,0.0403000675356869
"Providing for consideration of H.R. 2471 Haiti Development, Accountability, and Institutional Transparency Initiative Act; H.J. Res. 75 Making Further Continuing Appropriations for the Fiscaly Year ending Sept 30, 2022; H.R. 6968 Suspending Energy Imports From Russia Act; and H.R. 7007",1,0.04030143496007747
"Providing for consideration of the Senate Amendments to the House Amendment to the bill (S. 2938); providing consideration of the Senate Amendment to the House Amendment to the bill (S.2089); relating to consideration of the Senate Amendment to the bill (H.R. 4346), and for other purposes",1,0.04030355777024037
American Rescue Plan Act,1,0.04030411253823634
"Providing for consideration of the bill (H.R. 8294), Transportation, Housing and Urban Development, and Related Agencies Appropriations Act, 2023; providing for consideration of the bill (H.R. 8373), Right to Contraception Act; and providing for consideration of the bill (H.R. 8404), Respect for Marriage Act",1,0.04030698814098524
"Providing for consideration of the resolution (H. Res. 24) impeaching Donald John Trump, President of the United States, for high crimes and misdemeanors",1,0.04030772615885013
"Washington, D.C. Admission Act",1,0.04030786841027198
Providing for consideration of the bill (H.R. 1836) Guard and Reserve GI Bill Parity Act; providing for consideration of the bill (H.R. 4673) Ensuring Veterans’ Smooth Transition Act; and for other purposes,1,0.04030883425314075
,0,0.04031667921707155
"Providing for consideration of H.R. 2467, the PFAS Action Act of 2021; H.R. 2668, the Consumer Protection and Recovery Act; and H.R. 3985, the Allies Act of 2021, and for other purposes",1,0.04032213119007819
Providing for consideration of the bill (H.R. 1836) Guard and Reserve GI Bill Parity Act; providing for consideration of the bill (H.R. 4673) Ensuring Veterans’ Smooth Transition Act; and for other purposes,1,0.04033685587303272
Providing for consideration of the bill (H.R. 5376) to provide for reconciliation pursuant to title II of S. Con Res. 14; and for other purposes,1,0.04034077377693367
NASA Enhanced Use Leasing Extension Act of 2021,1,0.04034143527424752
,0,0.04034581805827328
Preventing a Patronage System Act,1,0.04035286945974748
Providing for the adoption of the concurrent resolution (S. Con. Res. 5) setting forth the congressional budget for the United States Government for fiscal year 2021 and setting forth the appropriate budgetary levels for fiscal years 2022 through 2030,1,0.04035797605755015
Providing for consideration of the bill (H.R. 447) National Apprenticeship Act and providing for consideration of the concurrent resolution (H.Con.Res. 11) establishing the congressional budget for the United States Government for FY 2021 and setting forth the appropriate budgetary levels for FY 2022 through 2030,1,0.04035974463983451
"Providing for consideration of the bill (H.R. 803) the Colorado Wilderness Act, and providing for consideration of the bill (H.R. 5) the Equality Act",1,0.04036094840278941
"Providing for consideration of the bill (H.R. 4502) making appropriations for the Departments of Labor, Health and Human Services, and Education, and related agencies for the fiscal year ending September 30, 2022, and for other purposes; and for other purposes",1,0.04036397531727435
"Recommending that the House of Representatives find Peter K. Navarro and Daniel Scavino, Jr., in Contempt of Congress for Refusal to Comply with Subpoenas Duly Issued by the Select Committee to Investigate the January 6th Attack on the United States Capitol",1,0.04037186541745258
"Providing for consideration of H.R. 350, Domestic Terrorism Prevention Act; H.R. 7688, Consumer Fuel Price Gouging Prevention Act; H.R. 7790, Infant Formula Supplemental Appropriations Act, 2022; and for other purposes",1,0.040373855990661275
Relating to the consideration of House Report 117-216 and an accompanying resolution,1,0.04037463012203325
,0,0.04037827418890645
"Providing for consideration of H.R. 7, the Paycheck Fairness Act and H.R. 1195, the Workplace Violence Prevention for Health Care and Social Service Workers Act",1,0.04037932493437524
Raising a question of the privileges of the House,1,0.04038125299435319
,0,0.040381279287760946
Providing for consideration of the bills (H.R. 2062) Protecting Older Workers Against Discrimination Act; (H.R. 239) Equal Access to Contraception for Veterans Act; (H.R. 1443) LGBTQ Business Equal Credit Enforcement and Investment Act; S.J.Res. 13; S.J.Res. 14 and S. J.Res. 15; and for other purposes.,1,0.040382940392883544
,0,0.04038431367118928
INVEST in America Act,1,0.04038578972972007
For the People Act,1,0.04038973704905882
"Providing for consideration of S. 1098, the Joint Consolidation Loan Separation Act; and for other purposes",1,0.04039146851021762
,0,0.040393852715798484
"Providing for consideration of the bill (H.R. 8873) to amend title 3, United States Code, to reform the process for the counting of electoral votes, and for other purposes",1,0.04039854161498747
Calling on Vice President Michael R. Pence to convene and mobilize the principal officers of the executive departments of the Cabinet to activate section 4 of the 25th Amendment to declare President Donald J. Trump incapable of executing the duties of his office and to immediately exercise powers as acting President,1,0.04039950093288855
LGBTQI+ Data Inclusion Act,1,0.040403720583444006
Federal Extreme Risk Protection Order Act,1,0.04040687082532699
,0,0.04040900499185005
"Providing for consideration of the bill (H.R. 8873) to amend title 3, United States Code, to reform the process for the counting of electoral votes, and for other purposes",1,0.040411373330979244
Providing for consideration of the bill (H.R. 2377) Federal Extreme Risk Protection Order Act; providing for consideration of the bill (H.R. 7910) Protecting Our Kids Act; and for other purposes,1,0.04041273969182618
"Providing for consideration of H.R. 3755, the Women’s Health Protection Act of 2021; H.R. 4350, the National Defense Authorization Act for Fiscal Year 2022; and H.R. 5305, the Extending Government Funding and Delivering Emergency Assistance Act, and for other purposes",1,0.04041717691270029
Mental Health Matters Act,1,0.0404187788421131
"Providing for consideration of the bill (H.R. 3233) National Commission to Investigate the January 6 Attack on the United States Capitol Complex Act; and providing for consideration of the bill (H.R. 3237) Emergency Security Supplemental to Respond to January 6th Appropriations Act, 2021, and for other purposes",1,0.040420212513606904
Providing for consideration of the Senate amendment to the bill (H.R. 6833) Affordable Insulin Now Act and providing for consideration of the bill (H.R. 8987) Fairness for 9/11 Families Act,1,0.04042140681290635
"Providing for congressional disapproval under chapter 8 of title 5, United States Code, of the rule submitted by the Office of the Comptroller of Currency relating to “National Banks and Federal Savings Associations as Lenders”",1,0.040439729648714534
Access to Counsel Act,1,0.040440679765790424
Consumer Protection and Recovery Act,1,0.04044208582508415
Providing for consideration of the bill (H.R. 3485) Global Respect Act; providing for consideration of the bill (H.R. 4445) Ending Forced Arbitration of Sexual Assault and Sexual Harassment Act; and providing for consideration of the bill (H.R. 4521) Bioeconomy Research and Development Act,1,0.04044350574896913
Break the Cycle of Violence Act,1,0.04044544126340582
"Providing for consideration of H.R. 6531, H.R. 7309, and S. 2938, and for other purposes",1,0.04044735593323602
Family Violence Prevention and Services Improvement Act,1,0.04044959677168375
Providing for consideration of the bill (H.R. 2543) Federal Reserve Racial and Economic Equity Act; providing for consideration of the bill (H.R. 2773) Recovering America’s Wildlife Act; providing for consideration of the bill (H.R. 7606) Meat and Poultry Special Investigator Act; and for other purposes,1,0.04045200626955802
Mental Health Justice Act of 2022,1,0.040453339217892056
"Providing for consideration of H.R. 2119, the Family Violence and Services Improvement Act; H.R. 3110, PUMP for Nursing Mothers Act; H.R. 3992, POJA Act of 2021; relating to consideration of the Senate amendment to the House amendment to S. 1301, Promoting Physical Activity for Americans Act, and for other purposes",1,0.04046084209108516
Further Extending Government Funding Act,1,0.04046175293849049
Providing for consideration of the Senate amendment to the bill (H.R. 1319) to provide for reconciliation pursuant to title II of S. Con. Res. 5,1,0.040466933842849225
"Providing for consideration of H.R. 3617, MORE Act; H.R. 6833, Affordable Insulin Now Act; and for other purposes",1,0.040467549804274805
"Providing for consideration of H.R. 903, Rights for the TSA Workforce Act; H.R. 2499, Federal Firefighters Fairness Act; H.R. 5129, Community Services Block Grant Modernization Act; and H.R. 7691, Additional Ukraine Supplemental Appropriations Act; and for other purposes",1,0.04046933966290431
"Providing for consideration of H.R. 3807, Restaurant Revitalization Fund Replensihment Act",1,0.04047087577985904
"Providing for consideration of S. 1098, the Joint Consolidation Loan Separation Act; and for other purposes",1,0.04047165478776274
,0,0.04048130327508466
"Providing for consideration of the bill (S. 3522) Ukraine Democracy Defense Lend-Lease Act, and for other purposes",1,0.040485773003677464
"Providing for consideration of H.R. 963, FAIR Act of 2022 and H.R. 2116, CROWN Act of 2021",1,0.040487072138944404
Providing for consideration of the bill (H.R. 302) Preventing a Patronage System Act; providing for consideration of the bill (H.R. 2988) Whistleblower Protection Improvement Act; providing for consideration of the bill (H.R. 8326) Ensuring a Fair and Accurate Census Act,1,0.04048761233126734
Promoting Physical Activity for Americans Act,1,0.04049238904660911
"Providing for consideration of the bills (H.R. 4346) Legislative Branch Appropriations Act, 2022; (H.R. 4373) Department of State, Foreign Operations, and Related Programs Appropriations Act, 2022; and (H.R. 4505) Commerce, Justice, Science, and Related Agencies Appropriations Act, 2022",1,0.04049256064645005
"Providing for consideration of H.R. 7, the Paycheck Fairness Act and H.R. 1195, the Workplace Violence Prevention for Health Care and Social Service Workers Act",1,0.04049396314810363
,0,0.04049402028952289
American Rescue Plan Act,1,0.04050231051645681
"Providing for consideration of the Senate Amendments to the House Amendment to the bill (S. 2938); providing consideration of the Senate Amendment to the House Amendment to the bill (S.2089); relating to consideration of the Senate Amendment to the bill (H.R. 4346), and for other purposes",1,0.04050353154832333
Recommending that the House of Representatives find Stephen K. Bannon in contempt of Congress for refusal to comply with a subpoena duly issued by the Select Committee to Investigate the January 6th Attack on the United States Capitol,1,0.04054282805195387
,0,0.04054800294507393
,0,0.04054851676764672
,0,0.040550282262506766
Providing for consideration of the Senate amendment to the bill (H.R. 6833) Affordable Insulin Now Act and providing for consideration of the bill (H.R. 8987) Fairness for 9/11 Families Act,1,0.04055066405778897
Women’s Health Protection Act,1,0.040563529298775845
Providing for consideration of the following bills (H.R. 7900) National Defense Authorization Act for FY 2023; (S. 3373) Protecting Our Gold Star Families Education Act; (H.R. 8296) Women’s Health Protection Act; (H.R. 8297) Ensuring Women’s Right to Reproductive Freedom Act; and (H.R. 6538) Active Shooter Alert Act,1,0.04057029395989285
"Providing for consideration of H.R. 6119, making further continuing appropriations for the fiscal year ending September 30, 2022; and for other purposes",1,0.04057121523135917
Providing for consideration of the resolution (H.Res. 789) censuring Representative Paul Gosar,1,0.040574715017913425
,0,0.04057640999403217
Providing for consideration of the bill (H.R. 1319) to provide for reconciliation pursuant to title II of S. Con. Res. 5,1,0.0405830522065561
NO BAN Act,1,0.04058373928234191
Providing for consideration of the bill (H.R. 3843) Merger Filing Fee Modernization Act; providing for consideration of the bill (H.R. 7780) Mental Health Matters Act; and providing for consideration of the bill (S. 3969) PAVA Program Inclusion Act,1,0.04060405189050672
Relating to the consideration of House Report 117-152 and an accompanying resolution,1,0.04060525198126006
Paycheck Fairness Act,1,0.0406066807402971
Relating to the consideration of House Report 117-152 and an accompanying resolution,1,0.04060854356235225
,0,0.040612054558404054
Ensuring a Fair and Accurate Census Act,1,0.040621137727007976
,0,0.04062911745291676
Protecting Our Democracy Act,1,0.0406316404275186
"Providing for consideration of the bill (H.R. 803) the Colorado Wilderness Act, and providing for consideration of the bill (H.R. 5) the Equality Act",1,0.0406330996140671
"Providing for consideration of H.R. 1629,the Fairness in Orphan Drug Exclusivity Act; and H. Res. 275, condemning the horrific shootings in Atlanta, GA on March 16, 2021",1,0.04063338082085479
Providing for consideration of the resolution (H.Res. 72) removing a certain Member from certain standing committees of the House of Representatives,1,0.04063501420605043
"Providing for consideration of H.R. 6119, making further continuing appropriations for the fiscal year ending September 30, 2022; and for other purposes",1,0.040637772115473716
,0,0.040640337377836254
To provide for reconciliation pursuant to title II of S. Con. Res. 14,1,0.04064241824701307
"Making appropriations for the Departments of Labor, Health and Human Services, and Eduction, and related agencies for the fiscal year ending September 30, 2022, and for other purposes",1,0.04064459416181149
INVEST in America Act,1,0.04064970250331357
Equality Act,1,0.040649924530906406
Women’s Health Protection Act,1,0.040651556688625676
Relating to the consideration of House Report 117-284 and an accompanying resolution,1,0.04065469787071356
"Providing for consideration of the bill (H.R. 263) Big Cat Public Safety Act, and providing for consideration of the bill (H.R. 4040) Advancing Telehealth Beyond COVID-19 Act, and for other purposes",1,0.04065802532496546
"Providing for consideration of the Senate amendment to the House amendment to the Senate amendment to the bill (H.R. 4346) making appropriations for the Legislative Branch for the fiscal year ending September 30, 2022, and for other purposes",1,0.040666277200034406
,0,0.040666860343577194
Providing for consideration of the resolution (H.Res. 72) removing a certain Member from certain standing committees of the House of Representatives,1,0.040676006740603246
Providing for consideration of the bills (H.R. 2062) Protecting Older Workers Against Discrimination Act; (H.R. 239) Equal Access to Contraception for Veterans Act; (H.R. 1443) LGBTQ Business Equal Credit Enforcement and Investment Act; S.J.Res. 13; S.J.Res. 14 and S. J.Res. 15; and for other purposes.,1,0.04068153284466992
"Providing for consideration of H.R. 3807, Restaurant Revitalization Fund Replensihment Act",1,0.04068618314882062
,1,0.040690136098974254
Relating to the consideration of House Report 117-216 and an accompanying resolution,1,0.040690695572654374
Providing for the adoption of the concurrent resolution (S. Con. Res. 5) setting forth the congressional budget for the United States Government for fiscal year 2021 and setting forth the appropriate budgetary levels for fiscal years 2022 through 2030,1,0.04069702956842341
,0,0.040697685446081974
Domestic Terrorism Prevention Act,1,0.040698601251986044
"Directing the Attending Physician to take timely action to provide updated mask wearing guidance applicable to the Hall of the House of Representatives and committee meeting spaces for Members & staff who are vaccinated against Covid-19, consistent with the public guidance released by the CDC & Prevention May 13, 2021",1,0.04071245457651647
,0,0.04072032089570036
Providing for consideration of the bill (H.R. 5314) Protecting Our Democracy Act; providing for consideration of the bill (S. 1605) to designate the National Pulse Memorial; and providing for consideration of the bill (S. 610) to address behavioral health and well-being among health care professionals,1,0.04072441456367256
Providing for consideration of the Senate amendment to the bill (H.R. 5376) to provide for reconciliation pursuant to title II of S. Con. Res. 14,1,0.040727986884416416
Providing for consideration of the Senate amendment to the bill (H.R. 5376) to provide for reconciliation pursuant to title II of S. Con. Res. 14,1,0.040727986884416416
,0,0.040746311890828446
,0,0.04075002078246803
Censuring Representative Paul Gosar,1,0.04075045537303412
"Providing for consideration of the bill (S. 3522) Ukraine Democracy Defense Lend-Lease Act, and for other purposes",1,0.040752279173505254
Providing for consideration of the resolution (H.Res. 789) censuring Representative Paul Gosar,1,0.04076650174087959
"Providing for consideration of H.R. 2467, the PFAS Action Act of 2021; H.R. 2668, the Consumer Protection and Recovery Act; and H.R. 3985, the Allies Act of 2021, and for other purposes",1,0.040772519159784096
"Providing for consideration the bill (H.R. 3076) Postal Service Reform Act; providing for consideration of the bill (H.R. 6617) Further Additional Continuing Appropriations Act, 2022; and for other purposes",1,0.040774646266221376
"Providing for consideration of H.R. 3755, the Women’s Health Protection Act of 2021; H.R. 4350, the National Defense Authorization Act for Fiscal Year 2022; and H.R. 5305, the Extending Government Funding and Delivering Emergency Assistance Act, and for other purposes",1,0.04079680481572569
"Providing for consideration of the (H.R. 5665) to establish in the Department of State the Office to Monitor and Combat Islamophobia, and for other purposes",1,0.04079829077556778
Bioeconomy Research and Development Act,1,0.04080110580796824
"Making appropriations for the Departments of Labor, Health and Human Services, and Eduction, and related agencies for the fiscal year ending September 30, 2022, and for other purposes",1,0.040804704168498025
Ensuring Access to Abortion Act,1,0.040808474862959604
Recommending that the House of Representatives find Mark Randall Meadows in contempt of Congress for refusal to comply with a subpoena duly issued by the Select Committee to Investigate the January 6th Attack on the United States Capitol,1,0.040815479718732305
Joint resolution relating to increasing the debt limit,1,0.04081834170284596
,0,0.040819618751219006
Combating International Islamophobia Act,1,0.040841256602827634
Build Back Better Act,1,0.04084253006046981
Providing for further consideration of the bill (H.R. 5376) to provide for reconciliation pursuant to title II of S. Con. Res. 14,1,0.04086851783834303
,0,0.04088082241731442
"Providing for congressional disapproval under chapter 8 of title 5, United States Code, of the rule submitted by the Equal Employment Opportunity Commission relating to “Update of Commission’s Conciliation Procedures”",1,0.04091265728775024
FAIR Act,1,0.04091594550365158
John R. Lewis Voting Rights Advancement Act,1,0.040921276446196864
Providing for further consideration of the bill (H.R. 5376) to provide for reconciliation pursuant to title II of S. Con. Res. 14,1,0.040932104321452514
"Providing for consideration of the (H.R. 5665) to establish in the Department of State the Office to Monitor and Combat Islamophobia, and for other purposes",1,0.04093436610983721
Global Respect Act,1,0.04096044576049172
Extending Government Funding and Delivering Emergency Assistance Act,1,0.0409702172609103
Providing for consideration of the bill (H.R. 5314) Protecting Our Democracy Act; providing for consideration of the bill (S. 1605) to designate the National Pulse Memorial; and providing for consideration of the bill (S. 610) to address behavioral health and well-being among health care professionals,1,0.04099182983495754
,0,0.04102321368228131
Providing for consideration of (H.R. 4) John R. Lewis Voting Rights Advancement Act; providing for consideration of the Senate amendment to (H.R. 3684) Infrastructure Investment and Jobs Act; and providing for the adoption of the concurrent resolution (S. Con. Res. 14); and for other purposes,1,0.04103078888085249
Providing for consideration of (H.R. 4) John R. Lewis Voting Rights Advancement Act; providing for consideration of the Senate amendment to (H.R. 3684) Infrastructure Investment and Jobs Act; and providing for the adoption of the concurrent resolution (S. Con. Res. 14); and for other purposes,1,0.04103078888085249
Providing for consideration of the joint resolution (S.J.Res.33) joint resolution relating to increasing the debt limit,1,0.04104024697848549
Providing for consideration of the joint resolution (S.J.Res.33) joint resolution relating to increasing the debt limit,1,0.04104024697848549
Further Extending Government Funding Act,1,0.04110857817818623
Dr. Lorna Breen Health Care Provider Protection Act,1,0.04111532774527598
"Providing for consideration the bill (H.R. 3076) Postal Service Reform Act; providing for consideration of the bill (H.R. 6617) Further Additional Continuing Appropriations Act, 2022; and for other purposes",1,0.04113902772439833
Providing for consideration of the bill (H.R. 5376) to provide for reconciliation pursuant to title II of S. Con Res. 14; and for other purposes,1,0.041139157922707
Providing for consideration of the bill (H.R. 5376) to provide for reconciliation pursuant to title II of S. Con Res. 14; and for other purposes,1,0.04115262210862625
